,ep,ef
org.apache.commons.lang3.time.FastDateFormat$TwentyFourHourField:<init>:(Lorg/apache/commons/lang3/time/FastDateFormat$NumberRule;)V:1490,0,0
org.apache.commons.lang3.time.FastDateFormat$TwentyFourHourField:<init>:(Lorg/apache/commons/lang3/time/FastDateFormat$NumberRule;)V:1491,0,0
org.apache.commons.lang3.time.FastDateFormat$TwentyFourHourField:<init>:(Lorg/apache/commons/lang3/time/FastDateFormat$NumberRule;)V:1492,0,0
org.apache.commons.lang3.time.FastDateFormat$TwentyFourHourField:appendTo:(Ljava/lang/StringBuffer;I)V:1516,0,0
org.apache.commons.lang3.time.FastDateFormat$TwentyFourHourField:appendTo:(Ljava/lang/StringBuffer;I)V:1517,0,0
org.apache.commons.lang3.time.FastDateFormat$TwentyFourHourField:appendTo:(Ljava/lang/StringBuffer;Ljava/util/Calendar;)V:1505,0,0
org.apache.commons.lang3.time.FastDateFormat$TwentyFourHourField:appendTo:(Ljava/lang/StringBuffer;Ljava/util/Calendar;)V:1506,0,0
org.apache.commons.lang3.time.FastDateFormat$TwentyFourHourField:appendTo:(Ljava/lang/StringBuffer;Ljava/util/Calendar;)V:1507,0,0
org.apache.commons.lang3.time.FastDateFormat$TwentyFourHourField:appendTo:(Ljava/lang/StringBuffer;Ljava/util/Calendar;)V:1509,0,0
org.apache.commons.lang3.time.FastDateFormat$TwentyFourHourField:appendTo:(Ljava/lang/StringBuffer;Ljava/util/Calendar;)V:1510,0,0
org.apache.commons.lang3.time.FastDateFormat$TwentyFourHourField:estimateLength:()I:1498,0,0
