class:method:signature:line,sbfl_score
org.apache.commons.lang3.reflect.TypeUtils:isAssignable:(Ljava/lang/reflect/Type;Ljava/lang/reflect/GenericArrayType;Ljava/util/Map;)Z:280,0.5
org.apache.commons.lang3.reflect.TypeUtils:isAssignable:(Ljava/lang/reflect/Type;Ljava/lang/reflect/ParameterizedType;Ljava/util/Map;)Z:193,0.5
org.apache.commons.lang3.reflect.TypeUtils:isAssignable:(Ljava/lang/reflect/Type;Ljava/lang/reflect/Type;Ljava/util/Map;)Z:88,0.5
org.apache.commons.lang3.reflect.TypeUtils:getTypeArguments:(Ljava/lang/Class;Ljava/lang/Class;Ljava/util/Map;)Ljava/util/Map;:660,0.5
org.apache.commons.lang3.reflect.TypeUtils:isAssignable:(Ljava/lang/reflect/Type;Ljava/lang/Class;)Z:121,0.5
org.apache.commons.lang3.reflect.TypeUtils:isAssignable:(Ljava/lang/reflect/Type;Ljava/lang/reflect/GenericArrayType;Ljava/util/Map;)Z:283,0.5
org.apache.commons.lang3.reflect.TypeUtils:isAssignable:(Ljava/lang/reflect/Type;Ljava/lang/reflect/GenericArrayType;Ljava/util/Map;)Z:287,0.5
org.apache.commons.lang3.reflect.TypeUtils:isAssignable:(Ljava/lang/reflect/Type;Ljava/lang/reflect/GenericArrayType;Ljava/util/Map;)Z:289,0.5
org.apache.commons.lang3.reflect.TypeUtils:isAssignable:(Ljava/lang/reflect/Type;Ljava/lang/reflect/WildcardType;Ljava/util/Map;)Z:408,0.5
org.apache.commons.lang3.reflect.TypeUtils:isAssignable:(Ljava/lang/reflect/Type;Ljava/lang/Class;)Z:134,0.5
org.apache.commons.lang3.reflect.TypeUtils:isAssignable:(Ljava/lang/reflect/Type;Ljava/lang/Class;)Z:136,0.5
org.apache.commons.lang3.reflect.TypeUtils:isAssignable:(Ljava/lang/reflect/Type;Ljava/lang/Class;)Z:140,0.5
org.apache.commons.lang3.reflect.TypeUtils:isAssignable:(Ljava/lang/reflect/Type;Ljava/lang/Class;)Z:154,0.5
org.apache.commons.lang3.reflect.TypeUtils:isAssignable:(Ljava/lang/reflect/Type;Ljava/lang/Class;)Z:155,0.5
org.apache.commons.lang3.reflect.TypeUtils:isAssignable:(Ljava/lang/reflect/Type;Ljava/lang/reflect/GenericArrayType;Ljava/util/Map;)Z:262,0.5
org.apache.commons.lang3.reflect.TypeUtils:isAssignable:(Ljava/lang/reflect/Type;Ljava/lang/reflect/GenericArrayType;Ljava/util/Map;)Z:268,0.5
org.apache.commons.lang3.reflect.TypeUtils:isAssignable:(Ljava/lang/reflect/Type;Ljava/lang/reflect/ParameterizedType;Ljava/util/Map;)Z:211,0.5
org.apache.commons.lang3.reflect.TypeUtils:isAssignable:(Ljava/lang/reflect/Type;Ljava/lang/reflect/GenericArrayType;Ljava/util/Map;)Z:273,0.5
org.apache.commons.lang3.reflect.TypeUtils:isAssignable:(Ljava/lang/reflect/Type;Ljava/lang/reflect/WildcardType;Ljava/util/Map;)Z:399,0.5
org.apache.commons.lang3.reflect.TypeUtils:getTypeArguments:(Ljava/lang/Class;Ljava/lang/Class;Ljava/util/Map;)Ljava/util/Map;:667,0.5
org.apache.commons.lang3.reflect.TypeUtils:isAssignable:(Ljava/lang/reflect/Type;Ljava/lang/reflect/GenericArrayType;Ljava/util/Map;)Z:274,0.5
org.apache.commons.lang3.reflect.TypeUtils:isAssignable:(Ljava/lang/reflect/Type;Ljava/lang/reflect/WildcardType;Ljava/util/Map;)Z:364,0.5
org.apache.commons.lang3.reflect.TypeUtils:isAssignable:(Ljava/lang/reflect/Type;Ljava/lang/reflect/WildcardType;Ljava/util/Map;)Z:361,0.5
org.apache.commons.lang3.reflect.TypeUtils:isAssignable:(Ljava/lang/reflect/Type;Ljava/lang/reflect/WildcardType;Ljava/util/Map;)Z:384,0.5
org.apache.commons.lang3.reflect.TypeUtils:isAssignable:(Ljava/lang/reflect/Type;Ljava/lang/reflect/WildcardType;Ljava/util/Map;)Z:379,0.5
org.apache.commons.lang3.reflect.TypeUtils:isAssignable:(Ljava/lang/reflect/Type;Ljava/lang/reflect/WildcardType;Ljava/util/Map;)Z:376,0.5
org.apache.commons.lang3.reflect.TypeUtils:isAssignable:(Ljava/lang/reflect/Type;Ljava/lang/reflect/WildcardType;Ljava/util/Map;)Z:371,0.5
org.apache.commons.lang3.reflect.TypeUtils:isAssignable:(Ljava/lang/reflect/Type;Ljava/lang/reflect/WildcardType;Ljava/util/Map;)Z:370,0.5
org.apache.commons.lang3.reflect.TypeUtils:isAssignable:(Ljava/lang/reflect/Type;Ljava/lang/reflect/WildcardType;Ljava/util/Map;)Z:369,0.5
org.apache.commons.lang3.reflect.TypeUtils:getTypeArguments:(Ljava/lang/reflect/ParameterizedType;Ljava/lang/Class;Ljava/util/Map;)Ljava/util/Map;:612,0.5
org.apache.commons.lang3.reflect.TypeUtils:isAssignable:(Ljava/lang/reflect/Type;Ljava/lang/reflect/WildcardType;Ljava/util/Map;)Z:391,0.5
org.apache.commons.lang3.reflect.TypeUtils:isAssignable:(Ljava/lang/reflect/Type;Ljava/lang/reflect/WildcardType;Ljava/util/Map;)Z:386,0.5
org.apache.commons.lang3.reflect.TypeUtils:isAssignable:(Ljava/lang/reflect/Type;Ljava/lang/reflect/WildcardType;Ljava/util/Map;)Z:359,0.5
org.apache.commons.lang3.reflect.TypeUtils:isAssignable:(Ljava/lang/reflect/Type;Ljava/lang/reflect/WildcardType;Ljava/util/Map;)Z:358,0.5
org.apache.commons.lang3.reflect.TypeUtils:isAssignable:(Ljava/lang/reflect/Type;Ljava/lang/reflect/WildcardType;Ljava/util/Map;)Z:357,0.5
org.apache.commons.lang3.reflect.TypeUtils:isAssignable:(Ljava/lang/reflect/Type;Ljava/lang/reflect/GenericArrayType;Ljava/util/Map;)Z:277,0.5
org.apache.commons.lang3.reflect.TypeUtils:isAssignable:(Ljava/lang/reflect/Type;Ljava/lang/reflect/GenericArrayType;Ljava/util/Map;)Z:279,0.5
org.apache.commons.lang3.reflect.TypeUtils:getTypeArguments:(Ljava/lang/reflect/ParameterizedType;Ljava/lang/Class;Ljava/util/Map;)Ljava/util/Map;:615,0.5
org.apache.commons.lang3.reflect.TypeUtils:getTypeArguments:(Ljava/lang/reflect/ParameterizedType;Ljava/lang/Class;Ljava/util/Map;)Ljava/util/Map;:613,0.5
org.apache.commons.lang3.reflect.TypeUtils:isAssignable:(Ljava/lang/reflect/Type;Ljava/lang/reflect/WildcardType;Ljava/util/Map;)Z:385,0.5
org.apache.commons.lang3.reflect.TypeUtils:getTypeArguments:(Ljava/lang/Class;Ljava/lang/Class;Ljava/util/Map;)Ljava/util/Map;:676,0.3333333333333333
org.apache.commons.lang3.reflect.TypeUtils:isAssignable:(Ljava/lang/reflect/Type;Ljava/lang/reflect/WildcardType;Ljava/util/Map;)Z:412,0.25
org.apache.commons.lang3.reflect.TypeUtils:isAssignable:(Ljava/lang/reflect/Type;Ljava/lang/reflect/WildcardType;Ljava/util/Map;)Z:406,0.25
org.apache.commons.lang3.reflect.TypeUtils:normalizeUpperBounds:([Ljava/lang/reflect/Type;)[Ljava/lang/reflect/Type;:877,0.25
org.apache.commons.lang3.reflect.TypeUtils:getImplicitUpperBounds:(Ljava/lang/reflect/WildcardType;)[Ljava/lang/reflect/Type;:929,0.25
org.apache.commons.lang3.reflect.TypeUtils:isAssignable:(Ljava/lang/reflect/Type;Ljava/lang/reflect/WildcardType;Ljava/util/Map;)Z:403,0.25
org.apache.commons.lang3.reflect.TypeUtils:getClosestParentType:(Ljava/lang/Class;Ljava/lang/Class;)Ljava/lang/reflect/Type;:834,0.25
org.apache.commons.lang3.reflect.TypeUtils:getImplicitLowerBounds:(Ljava/lang/reflect/WildcardType;)[Ljava/lang/reflect/Type;:942,0.25
org.apache.commons.lang3.reflect.TypeUtils:getImplicitLowerBounds:(Ljava/lang/reflect/WildcardType;)[Ljava/lang/reflect/Type;:944,0.25
org.apache.commons.lang3.reflect.TypeUtils:getImplicitUpperBounds:(Ljava/lang/reflect/WildcardType;)[Ljava/lang/reflect/Type;:927,0.25
org.apache.commons.lang3.reflect.TypeUtils:substituteTypeVariables:(Ljava/lang/reflect/Type;Ljava/util/Map;)Ljava/lang/reflect/Type;:472,0.25
org.apache.commons.lang3.reflect.TypeUtils:isAssignable:(Ljava/lang/reflect/Type;Ljava/lang/reflect/WildcardType;Ljava/util/Map;)Z:397,0.25
org.apache.commons.lang3.reflect.TypeUtils:getTypeArguments:(Ljava/lang/reflect/Type;Ljava/lang/Class;)Ljava/util/Map;:534,0.25
org.apache.commons.lang3.reflect.TypeUtils:getTypeArguments:(Ljava/lang/reflect/ParameterizedType;Ljava/lang/Class;Ljava/util/Map;)Ljava/util/Map;:639,0.25
org.apache.commons.lang3.reflect.TypeUtils:normalizeUpperBounds:([Ljava/lang/reflect/Type;)[Ljava/lang/reflect/Type;:878,0.25
org.apache.commons.lang3.reflect.TypeUtils:isAssignable:(Ljava/lang/reflect/Type;Ljava/lang/reflect/WildcardType;Ljava/util/Map;)Z:394,0.25
org.apache.commons.lang3.reflect.TypeUtils:substituteTypeVariables:(Ljava/lang/reflect/Type;Ljava/util/Map;)Ljava/lang/reflect/Type;:483,0.25
org.apache.commons.lang3.reflect.TypeUtils:isAssignable:(Ljava/lang/reflect/Type;Ljava/lang/reflect/WildcardType;Ljava/util/Map;)Z:349,0.25
org.apache.commons.lang3.reflect.TypeUtils:isAssignable:(Ljava/lang/reflect/Type;Ljava/lang/reflect/Type;Ljava/util/Map;)Z:87,0.25
org.apache.commons.lang3.reflect.TypeUtils:isAssignable:(Ljava/lang/reflect/Type;Ljava/lang/reflect/Type;Ljava/util/Map;)Z:91,0.25
org.apache.commons.lang3.reflect.TypeUtils:isAssignable:(Ljava/lang/reflect/Type;Ljava/lang/reflect/Type;Ljava/util/Map;)Z:92,0.25
org.apache.commons.lang3.reflect.TypeUtils:isAssignable:(Ljava/lang/reflect/Type;Ljava/lang/reflect/ParameterizedType;Ljava/util/Map;)Z:230,0.25
org.apache.commons.lang3.reflect.TypeUtils:isAssignable:(Ljava/lang/reflect/Type;Ljava/lang/reflect/WildcardType;Ljava/util/Map;)Z:344,0.25
org.apache.commons.lang3.reflect.TypeUtils:isAssignable:(Ljava/lang/reflect/Type;Ljava/lang/reflect/WildcardType;Ljava/util/Map;)Z:338,0.25
org.apache.commons.lang3.reflect.TypeUtils:isAssignable:(Ljava/lang/reflect/Type;Ljava/lang/reflect/WildcardType;Ljava/util/Map;)Z:353,0.25
org.apache.commons.lang3.reflect.TypeUtils:isAssignable:(Ljava/lang/reflect/Type;Ljava/lang/reflect/WildcardType;Ljava/util/Map;)Z:354,0.25
org.apache.commons.lang3.reflect.TypeUtils:isAssignable:(Ljava/lang/reflect/Type;Ljava/lang/reflect/WildcardType;Ljava/util/Map;)Z:356,0.25
org.apache.commons.lang3.reflect.TypeUtils:getTypeArguments:(Ljava/lang/reflect/Type;Ljava/lang/Class;Ljava/util/Map;)Ljava/util/Map;:548,0.2
org.apache.commons.lang3.reflect.TypeUtils:getTypeArguments:(Ljava/lang/reflect/Type;Ljava/lang/Class;Ljava/util/Map;)Ljava/util/Map;:551,0.2
org.apache.commons.lang3.reflect.TypeUtils:getTypeArguments:(Ljava/lang/reflect/Type;Ljava/lang/Class;Ljava/util/Map;)Ljava/util/Map;:552,0.2
org.apache.commons.lang3.reflect.TypeUtils:getTypeArguments:(Ljava/lang/reflect/Type;Ljava/lang/Class;Ljava/util/Map;)Ljava/util/Map;:547,0.2
org.apache.commons.lang3.reflect.TypeUtils:getTypeArguments:(Ljava/lang/Class;Ljava/lang/Class;Ljava/util/Map;)Ljava/util/Map;:675,0.2
org.apache.commons.lang3.reflect.TypeUtils:getTypeArguments:(Ljava/lang/Class;Ljava/lang/Class;Ljava/util/Map;)Ljava/util/Map;:671,0.2
org.apache.commons.lang3.reflect.TypeUtils:getTypeArguments:(Ljava/lang/Class;Ljava/lang/Class;Ljava/util/Map;)Ljava/util/Map;:658,0.2
org.apache.commons.lang3.reflect.TypeUtils:getTypeArguments:(Ljava/lang/Class;Ljava/lang/Class;Ljava/util/Map;)Ljava/util/Map;:653,0.2
org.apache.commons.lang3.reflect.TypeUtils:isAssignable:(Ljava/lang/reflect/Type;Ljava/lang/reflect/Type;Ljava/util/Map;)Z:84,0.16666666666666666
org.apache.commons.lang3.reflect.TypeUtils:isAssignable:(Ljava/lang/reflect/Type;Ljava/lang/Class;)Z:113,0.16666666666666666
org.apache.commons.lang3.reflect.TypeUtils:getTypeArguments:(Ljava/lang/reflect/ParameterizedType;Ljava/lang/Class;Ljava/util/Map;)Ljava/util/Map;:635,0.16666666666666666
org.apache.commons.lang3.reflect.TypeUtils:isAssignable:(Ljava/lang/reflect/Type;Ljava/lang/Class;)Z:115,0.16666666666666666
org.apache.commons.lang3.reflect.TypeUtils:isAssignable:(Ljava/lang/reflect/Type;Ljava/lang/Class;)Z:120,0.16666666666666666
org.apache.commons.lang3.reflect.TypeUtils:isAssignable:(Ljava/lang/reflect/Type;Ljava/lang/reflect/Type;Ljava/util/Map;)Z:83,0.16666666666666666
org.apache.commons.lang3.reflect.TypeUtils:getTypeArguments:(Ljava/lang/reflect/ParameterizedType;Ljava/lang/Class;Ljava/util/Map;)Ljava/util/Map;:629,0.16666666666666666
org.apache.commons.lang3.reflect.TypeUtils:isAssignable:(Ljava/lang/reflect/Type;Ljava/lang/reflect/Type;Ljava/util/Map;)Z:80,0.16666666666666666
org.apache.commons.lang3.reflect.TypeUtils:isAssignable:(Ljava/lang/reflect/Type;Ljava/lang/reflect/ParameterizedType;Ljava/util/Map;)Z:181,0.16666666666666666
org.apache.commons.lang3.reflect.TypeUtils:isAssignable:(Ljava/lang/reflect/Type;Ljava/lang/reflect/ParameterizedType;Ljava/util/Map;)Z:187,0.16666666666666666
org.apache.commons.lang3.reflect.TypeUtils:isAssignable:(Ljava/lang/reflect/Type;Ljava/lang/reflect/ParameterizedType;Ljava/util/Map;)Z:192,0.16666666666666666
org.apache.commons.lang3.reflect.TypeUtils:isAssignable:(Ljava/lang/reflect/Type;Ljava/lang/reflect/ParameterizedType;Ljava/util/Map;)Z:197,0.16666666666666666
org.apache.commons.lang3.reflect.TypeUtils:isAssignable:(Ljava/lang/reflect/Type;Ljava/lang/reflect/ParameterizedType;Ljava/util/Map;)Z:200,0.16666666666666666
org.apache.commons.lang3.reflect.TypeUtils:isAssignable:(Ljava/lang/reflect/Type;Ljava/lang/reflect/ParameterizedType;Ljava/util/Map;)Z:203,0.16666666666666666
org.apache.commons.lang3.reflect.TypeUtils:isAssignable:(Ljava/lang/reflect/Type;Ljava/lang/reflect/ParameterizedType;Ljava/util/Map;)Z:210,0.16666666666666666
org.apache.commons.lang3.reflect.TypeUtils:isAssignable:(Ljava/lang/reflect/Type;Ljava/lang/reflect/ParameterizedType;Ljava/util/Map;)Z:215,0.16666666666666666
org.apache.commons.lang3.reflect.TypeUtils:isAssignable:(Ljava/lang/reflect/Type;Ljava/lang/reflect/ParameterizedType;Ljava/util/Map;)Z:219,0.16666666666666666
org.apache.commons.lang3.reflect.TypeUtils:isAssignable:(Ljava/lang/reflect/Type;Ljava/lang/reflect/ParameterizedType;Ljava/util/Map;)Z:220,0.16666666666666666
org.apache.commons.lang3.reflect.TypeUtils:isAssignable:(Ljava/lang/reflect/Type;Ljava/lang/reflect/ParameterizedType;Ljava/util/Map;)Z:221,0.16666666666666666
org.apache.commons.lang3.reflect.TypeUtils:isAssignable:(Ljava/lang/reflect/Type;Ljava/lang/reflect/ParameterizedType;Ljava/util/Map;)Z:226,0.16666666666666666
org.apache.commons.lang3.reflect.TypeUtils:isAssignable:(Ljava/lang/reflect/Type;Ljava/lang/reflect/ParameterizedType;Ljava/util/Map;)Z:232,0.16666666666666666
org.apache.commons.lang3.reflect.TypeUtils:isAssignable:(Ljava/lang/reflect/Type;Ljava/lang/Class;)Z:131,0.16666666666666666
org.apache.commons.lang3.reflect.TypeUtils:isAssignable:(Ljava/lang/reflect/Type;Ljava/lang/Class;)Z:129,0.16666666666666666
org.apache.commons.lang3.reflect.TypeUtils:isAssignable:(Ljava/lang/reflect/Type;Ljava/lang/Class;)Z:126,0.16666666666666666
org.apache.commons.lang3.reflect.TypeUtils:isAssignable:(Ljava/lang/reflect/Type;Ljava/lang/reflect/ParameterizedType;Ljava/util/Map;)Z:234,0.16666666666666666
org.apache.commons.lang3.reflect.TypeUtils:isAssignable:(Ljava/lang/reflect/Type;Ljava/lang/reflect/Type;)Z:65,0.16666666666666666
org.apache.commons.lang3.reflect.TypeUtils:isAssignable:(Ljava/lang/reflect/Type;Ljava/lang/reflect/Type;Ljava/util/Map;)Z:79,0.16666666666666666
org.apache.commons.lang3.reflect.TypeUtils:getTypeArguments:(Ljava/lang/reflect/ParameterizedType;Ljava/lang/Class;Ljava/util/Map;)Ljava/util/Map;:633,0.16666666666666666
org.apache.commons.lang3.reflect.TypeUtils:isAssignable:(Ljava/lang/reflect/Type;Ljava/lang/Class;)Z:125,0.16666666666666666
org.apache.commons.lang3.reflect.TypeUtils:getTypeArguments:(Ljava/lang/reflect/ParameterizedType;Ljava/lang/Class;Ljava/util/Map;)Ljava/util/Map;:628,0.16666666666666666
org.apache.commons.lang3.reflect.TypeUtils:getClosestParentType:(Ljava/lang/Class;Ljava/lang/Class;)Ljava/lang/reflect/Type;:828,0.16666666666666666
org.apache.commons.lang3.reflect.TypeUtils:getTypeArguments:(Ljava/lang/reflect/ParameterizedType;Ljava/lang/Class;Ljava/util/Map;)Ljava/util/Map;:627,0.16666666666666666
org.apache.commons.lang3.reflect.TypeUtils:getClosestParentType:(Ljava/lang/Class;Ljava/lang/Class;)Ljava/lang/reflect/Type;:799,0.16666666666666666
org.apache.commons.lang3.reflect.TypeUtils:getClosestParentType:(Ljava/lang/Class;Ljava/lang/Class;)Ljava/lang/reflect/Type;:801,0.16666666666666666
org.apache.commons.lang3.reflect.TypeUtils:getClosestParentType:(Ljava/lang/Class;Ljava/lang/Class;)Ljava/lang/reflect/Type;:803,0.16666666666666666
org.apache.commons.lang3.reflect.TypeUtils:getClosestParentType:(Ljava/lang/Class;Ljava/lang/Class;)Ljava/lang/reflect/Type;:806,0.16666666666666666
org.apache.commons.lang3.reflect.TypeUtils:getClosestParentType:(Ljava/lang/Class;Ljava/lang/Class;)Ljava/lang/reflect/Type;:807,0.16666666666666666
org.apache.commons.lang3.reflect.TypeUtils:getClosestParentType:(Ljava/lang/Class;Ljava/lang/Class;)Ljava/lang/reflect/Type;:809,0.16666666666666666
org.apache.commons.lang3.reflect.TypeUtils:getClosestParentType:(Ljava/lang/Class;Ljava/lang/Class;)Ljava/lang/reflect/Type;:810,0.16666666666666666
org.apache.commons.lang3.reflect.TypeUtils:getClosestParentType:(Ljava/lang/Class;Ljava/lang/Class;)Ljava/lang/reflect/Type;:820,0.16666666666666666
org.apache.commons.lang3.reflect.TypeUtils:getClosestParentType:(Ljava/lang/Class;Ljava/lang/Class;)Ljava/lang/reflect/Type;:822,0.16666666666666666
org.apache.commons.lang3.reflect.TypeUtils:getClosestParentType:(Ljava/lang/Class;Ljava/lang/Class;)Ljava/lang/reflect/Type;:827,0.16666666666666666
org.apache.commons.lang3.reflect.TypeUtils:getTypeArguments:(Ljava/lang/reflect/ParameterizedType;Ljava/lang/Class;Ljava/util/Map;)Ljava/util/Map;:600,0.16666666666666666
org.apache.commons.lang3.reflect.TypeUtils:getTypeArguments:(Ljava/lang/reflect/ParameterizedType;Ljava/lang/Class;Ljava/util/Map;)Ljava/util/Map;:622,0.16666666666666666
org.apache.commons.lang3.reflect.TypeUtils:getTypeArguments:(Ljava/lang/reflect/ParameterizedType;Ljava/lang/Class;Ljava/util/Map;)Ljava/util/Map;:624,0.16666666666666666
org.apache.commons.lang3.reflect.TypeUtils:getRawType:(Ljava/lang/reflect/ParameterizedType;)Ljava/lang/Class;:993,0.16666666666666666
org.apache.commons.lang3.reflect.TypeUtils:getRawType:(Ljava/lang/reflect/ParameterizedType;)Ljava/lang/Class;:997,0.16666666666666666
org.apache.commons.lang3.reflect.TypeUtils:getTypeArguments:(Ljava/lang/reflect/ParameterizedType;Ljava/lang/Class;Ljava/util/Map;)Ljava/util/Map;:603,0.16666666666666666
org.apache.commons.lang3.reflect.TypeUtils:getTypeArguments:(Ljava/lang/reflect/ParameterizedType;Ljava/lang/Class;Ljava/util/Map;)Ljava/util/Map;:607,0.16666666666666666
org.apache.commons.lang3.reflect.TypeUtils:getTypeArguments:(Ljava/lang/reflect/ParameterizedType;Ljava/lang/Class;Ljava/util/Map;)Ljava/util/Map;:610,0.16666666666666666
org.apache.commons.lang3.reflect.TypeUtils:getTypeArguments:(Ljava/lang/reflect/ParameterizedType;Ljava/lang/Class;Ljava/util/Map;)Ljava/util/Map;:617,0.16666666666666666
org.apache.commons.lang3.reflect.TypeUtils:getRawType:(Ljava/lang/reflect/ParameterizedType;)Ljava/lang/Class;:986,0.16666666666666666
org.apache.commons.lang3.reflect.TypeUtils:getTypeArguments:(Ljava/lang/Class;Ljava/lang/Class;Ljava/util/Map;)Ljava/util/Map;:680,0.125
org.apache.commons.lang3.ClassUtils:isAssignable:(Ljava/lang/Class;Ljava/lang/Class;)Z:589,0.1
org.apache.commons.lang3.StringEscapeUtils:escapeHtml4:(Ljava/lang/String;)Ljava/lang/String;:433,0.1
org.apache.commons.lang3.ClassUtils:isAssignable:(Ljava/lang/Class;Ljava/lang/Class;Z)Z:630,0.07142857142857142
org.apache.commons.lang3.ClassUtils:isAssignable:(Ljava/lang/Class;Ljava/lang/Class;Z)Z:631,0.07142857142857142
org.apache.commons.lang3.ClassUtils:primitiveToWrapper:(Ljava/lang/Class;)Ljava/lang/Class;:706,0.05
org.apache.commons.lang3.ClassUtils:primitiveToWrapper:(Ljava/lang/Class;)Ljava/lang/Class;:705,0.05
org.apache.commons.lang3.ClassUtils:primitiveToWrapper:(Ljava/lang/Class;)Ljava/lang/Class;:709,0.05
org.apache.commons.lang3.ClassUtils:primitiveToWrapper:(Ljava/lang/Class;)Ljava/lang/Class;:707,0.05
org.apache.commons.lang3.ClassUtils:isAssignable:(Ljava/lang/Class;Ljava/lang/Class;Z)Z:689,0.045454545454545456
org.apache.commons.lang3.ClassUtils:isAssignable:(Ljava/lang/Class;Ljava/lang/Class;Z)Z:635,0.043478260869565216
org.apache.commons.lang3.ClassUtils:isAssignable:(Ljava/lang/Class;Ljava/lang/Class;Z)Z:629,0.043478260869565216
org.apache.commons.lang3.text.translate.LookupTranslator:translate:(Ljava/lang/CharSequence;ILjava/io/Writer;)I:75,0.041666666666666664
org.apache.commons.lang3.text.translate.LookupTranslator:translate:(Ljava/lang/CharSequence;ILjava/io/Writer;)I:74,0.041666666666666664
org.apache.commons.lang3.ClassUtils:isAssignable:(Ljava/lang/Class;Ljava/lang/Class;Z)Z:624,0.04
org.apache.commons.lang3.ClassUtils:isAssignable:(Ljava/lang/Class;Ljava/lang/Class;Z)Z:628,0.04
org.apache.commons.lang3.ClassUtils:isAssignable:(Ljava/lang/Class;Ljava/lang/Class;Z)Z:620,0.04
org.apache.commons.lang3.ClassUtils:isAssignable:(Ljava/lang/Class;Ljava/lang/Class;Z)Z:642,0.04
org.apache.commons.lang3.ClassUtils:isAssignable:(Ljava/lang/Class;Ljava/lang/Class;Z)Z:645,0.04
org.apache.commons.lang3.SystemUtils:isJavaVersionAtLeast:(Lorg/apache/commons/lang3/JavaVersion;)Z:1371,0.038461538461538464
org.apache.commons.lang3.JavaVersion:atLeast:(Lorg/apache/commons/lang3/JavaVersion;)Z:105,0.037037037037037035
org.apache.commons.lang3.text.translate.AggregateTranslator:translate:(Ljava/lang/CharSequence;ILjava/io/Writer;)I:54,0.03571428571428571
org.apache.commons.lang3.text.translate.AggregateTranslator:translate:(Ljava/lang/CharSequence;ILjava/io/Writer;)I:57,0.03125
org.apache.commons.lang3.text.translate.LookupTranslator:translate:(Ljava/lang/CharSequence;ILjava/io/Writer;)I:78,0.02631578947368421
org.apache.commons.lang3.text.translate.AggregateTranslator:translate:(Ljava/lang/CharSequence;ILjava/io/Writer;)I:53,0.02631578947368421
org.apache.commons.lang3.text.translate.AggregateTranslator:translate:(Ljava/lang/CharSequence;ILjava/io/Writer;)I:52,0.02631578947368421
org.apache.commons.lang3.text.translate.AggregateTranslator:translate:(Ljava/lang/CharSequence;ILjava/io/Writer;)I:51,0.02631578947368421
org.apache.commons.lang3.text.translate.LookupTranslator:translate:(Ljava/lang/CharSequence;ILjava/io/Writer;)I:73,0.025
org.apache.commons.lang3.text.translate.LookupTranslator:translate:(Ljava/lang/CharSequence;ILjava/io/Writer;)I:71,0.025
org.apache.commons.lang3.text.translate.LookupTranslator:translate:(Ljava/lang/CharSequence;ILjava/io/Writer;)I:70,0.025
org.apache.commons.lang3.text.translate.LookupTranslator:translate:(Ljava/lang/CharSequence;ILjava/io/Writer;)I:65,0.025
org.apache.commons.lang3.text.translate.LookupTranslator:translate:(Ljava/lang/CharSequence;ILjava/io/Writer;)I:72,0.025
org.apache.commons.lang3.text.translate.LookupTranslator:translate:(Ljava/lang/CharSequence;ILjava/io/Writer;)I:66,0.025
org.apache.commons.lang3.text.translate.EntityArrays:APOS_ESCAPE:()[[Ljava/lang/String;:377,0.020833333333333332
org.apache.commons.lang3.StringEscapeUtils$CsvEscaper:<clinit>:()V:149,0.020833333333333332
org.apache.commons.lang3.StringEscapeUtils$CsvEscaper:<clinit>:()V:150,0.020833333333333332
org.apache.commons.lang3.StringEscapeUtils$CsvEscaper:<init>:()V:145,0.020833333333333332
org.apache.commons.lang3.StringEscapeUtils:<clinit>:()V:233,0.020833333333333332
org.apache.commons.lang3.StringEscapeUtils:<clinit>:()V:217,0.020833333333333332
org.apache.commons.lang3.StringEscapeUtils:<clinit>:()V:206,0.020833333333333332
org.apache.commons.lang3.StringEscapeUtils:<clinit>:()V:183,0.020833333333333332
org.apache.commons.lang3.StringEscapeUtils:<clinit>:()V:140,0.020833333333333332
org.apache.commons.lang3.text.translate.EntityArrays:ISO8859_1_UNESCAPE:()[[Ljava/lang/String;:138,0.020833333333333332
org.apache.commons.lang3.text.translate.EntityArrays:HTML40_EXTENDED_UNESCAPE:()[[Ljava/lang/String;:349,0.020833333333333332
org.apache.commons.lang3.StringEscapeUtils:<clinit>:()V:124,0.020833333333333332
org.apache.commons.lang3.text.translate.EntityArrays:APOS_UNESCAPE:()[[Ljava/lang/String;:386,0.020833333333333332
org.apache.commons.lang3.StringEscapeUtils:<clinit>:()V:109,0.020833333333333332
org.apache.commons.lang3.StringEscapeUtils:<clinit>:()V:94,0.020833333333333332
org.apache.commons.lang3.StringEscapeUtils:<clinit>:()V:52,0.020833333333333332
org.apache.commons.lang3.text.translate.AggregateTranslator:<init>:([Lorg/apache/commons/lang3/text/translate/CharSequenceTranslator;)V:41,0.020833333333333332
org.apache.commons.lang3.text.translate.EntityArrays:JAVA_CTRL_CHARS_UNESCAPE:()[[Ljava/lang/String;:408,0.020833333333333332
org.apache.commons.lang3.text.translate.EntityArrays:JAVA_CTRL_CHARS_ESCAPE:()[[Ljava/lang/String;:395,0.020833333333333332
org.apache.commons.lang3.text.translate.EntityArrays:BASIC_ESCAPE:()[[Ljava/lang/String;:358,0.020833333333333332
org.apache.commons.lang3.text.translate.EntityArrays:BASIC_UNESCAPE:()[[Ljava/lang/String;:370,0.020833333333333332
org.apache.commons.lang3.StringEscapeUtils:<clinit>:()V:72,0.020833333333333332
org.apache.commons.lang3.text.translate.AggregateTranslator:<init>:([Lorg/apache/commons/lang3/text/translate/CharSequenceTranslator;)V:40,0.020833333333333332
org.apache.commons.lang3.StringEscapeUtils:<clinit>:()V:250,0.020833333333333332
org.apache.commons.lang3.StringEscapeUtils$CsvUnescaper:<clinit>:()V:272,0.020833333333333332
org.apache.commons.lang3.text.translate.AggregateTranslator:<init>:([Lorg/apache/commons/lang3/text/translate/CharSequenceTranslator;)V:42,0.020833333333333332
org.apache.commons.lang3.text.translate.CharSequenceTranslator:with:([Lorg/apache/commons/lang3/text/translate/CharSequenceTranslator;)Lorg/apache/commons/lang3/text/translate/CharSequenceTranslator;:111,0.020833333333333332
org.apache.commons.lang3.text.translate.CharSequenceTranslator:with:([Lorg/apache/commons/lang3/text/translate/CharSequenceTranslator;)Lorg/apache/commons/lang3/text/translate/CharSequenceTranslator;:110,0.020833333333333332
org.apache.commons.lang3.text.translate.CharSequenceTranslator:with:([Lorg/apache/commons/lang3/text/translate/CharSequenceTranslator;)Lorg/apache/commons/lang3/text/translate/CharSequenceTranslator;:109,0.020833333333333332
org.apache.commons.lang3.text.translate.CharSequenceTranslator:with:([Lorg/apache/commons/lang3/text/translate/CharSequenceTranslator;)Lorg/apache/commons/lang3/text/translate/CharSequenceTranslator;:108,0.020833333333333332
org.apache.commons.lang3.StringEscapeUtils:<clinit>:()V:266,0.020833333333333332
org.apache.commons.lang3.StringEscapeUtils$CsvUnescaper:<init>:()V:268,0.020833333333333332
org.apache.commons.lang3.StringEscapeUtils$CsvUnescaper:<clinit>:()V:273,0.020833333333333332
org.apache.commons.lang3.text.translate.OctalUnescaper:<init>:()V:34,0.02
org.apache.commons.lang3.text.translate.CharSequenceTranslator:translate:(Ljava/lang/CharSequence;Ljava/io/Writer;)V:87,0.02
org.apache.commons.lang3.text.translate.LookupTranslator:<init>:([[Ljava/lang/CharSequence;)V:40,0.02
org.apache.commons.lang3.text.translate.LookupTranslator:<init>:([[Ljava/lang/CharSequence;)V:41,0.02
org.apache.commons.lang3.text.translate.LookupTranslator:<init>:([[Ljava/lang/CharSequence;)V:42,0.02
org.apache.commons.lang3.text.translate.EntityArrays:HTML40_EXTENDED_ESCAPE:()[[Ljava/lang/String;:147,0.02
org.apache.commons.lang3.text.translate.LookupTranslator:<init>:([[Ljava/lang/CharSequence;)V:43,0.02
org.apache.commons.lang3.text.translate.EntityArrays:ISO8859_1_ESCAPE:()[[Ljava/lang/String;:34,0.02
org.apache.commons.lang3.text.translate.LookupTranslator:<init>:([[Ljava/lang/CharSequence;)V:44,0.02
org.apache.commons.lang3.text.translate.CharSequenceTranslator:translate:(Ljava/lang/CharSequence;Ljava/io/Writer;)V:90,0.02
org.apache.commons.lang3.text.translate.CharSequenceTranslator:translate:(Ljava/lang/CharSequence;Ljava/io/Writer;)V:89,0.02
org.apache.commons.lang3.text.translate.CharSequenceTranslator:translate:(Ljava/lang/CharSequence;Ljava/io/Writer;)V:88,0.02
org.apache.commons.lang3.text.translate.LookupTranslator:<init>:([[Ljava/lang/CharSequence;)V:47,0.02
org.apache.commons.lang3.text.translate.LookupTranslator:<init>:([[Ljava/lang/CharSequence;)V:45,0.02
org.apache.commons.lang3.text.translate.LookupTranslator:<init>:([[Ljava/lang/CharSequence;)V:58,0.02
org.apache.commons.lang3.text.translate.LookupTranslator:<init>:([[Ljava/lang/CharSequence;)V:56,0.02
org.apache.commons.lang3.text.translate.LookupTranslator:<init>:([[Ljava/lang/CharSequence;)V:48,0.02
org.apache.commons.lang3.text.translate.LookupTranslator:<init>:([[Ljava/lang/CharSequence;)V:46,0.02
org.apache.commons.lang3.text.translate.LookupTranslator:<init>:([[Ljava/lang/CharSequence;)V:49,0.02
org.apache.commons.lang3.text.translate.LookupTranslator:<init>:([[Ljava/lang/CharSequence;)V:51,0.02
org.apache.commons.lang3.text.translate.OctalUnescaper:<clinit>:()V:36,0.02
org.apache.commons.lang3.text.translate.LookupTranslator:<init>:([[Ljava/lang/CharSequence;)V:52,0.02
org.apache.commons.lang3.text.translate.LookupTranslator:<init>:([[Ljava/lang/CharSequence;)V:57,0.02
org.apache.commons.lang3.text.translate.UnicodeEscaper:outsideOf:(II)Lorg/apache/commons/lang3/text/translate/UnicodeEscaper;:85,0.019230769230769232
org.apache.commons.lang3.text.translate.EntityArrays:<clinit>:()V:148,0.018518518518518517
org.apache.commons.lang3.text.translate.EntityArrays:<clinit>:()V:139,0.018518518518518517
org.apache.commons.lang3.text.translate.EntityArrays:<clinit>:()V:387,0.018518518518518517
org.apache.commons.lang3.text.translate.EntityArrays:<clinit>:()V:371,0.018518518518518517
org.apache.commons.lang3.text.translate.EntityArrays:<clinit>:()V:359,0.018518518518518517
org.apache.commons.lang3.text.translate.EntityArrays:<clinit>:()V:350,0.018518518518518517
org.apache.commons.lang3.text.translate.EntityArrays:<clinit>:()V:378,0.018518518518518517
org.apache.commons.lang3.text.translate.EntityArrays:invert:([[Ljava/lang/String;)[[Ljava/lang/String;:420,0.018518518518518517
org.apache.commons.lang3.text.translate.EntityArrays:<clinit>:()V:396,0.018518518518518517
org.apache.commons.lang3.text.translate.EntityArrays:<clinit>:()V:409,0.018518518518518517
org.apache.commons.lang3.text.translate.EntityArrays:invert:([[Ljava/lang/String;)[[Ljava/lang/String;:417,0.018518518518518517
org.apache.commons.lang3.text.translate.EntityArrays:invert:([[Ljava/lang/String;)[[Ljava/lang/String;:418,0.018518518518518517
org.apache.commons.lang3.text.translate.EntityArrays:invert:([[Ljava/lang/String;)[[Ljava/lang/String;:419,0.018518518518518517
org.apache.commons.lang3.text.translate.EntityArrays:invert:([[Ljava/lang/String;)[[Ljava/lang/String;:422,0.018518518518518517
org.apache.commons.lang3.text.translate.NumericEntityUnescaper$OPTION:<clinit>:()V:35,0.018518518518518517
org.apache.commons.lang3.text.translate.EntityArrays:<clinit>:()V:35,0.018518518518518517
org.apache.commons.lang3.text.translate.UnicodeUnescaper:<init>:()V:30,0.018518518518518517
org.apache.commons.lang3.text.translate.NumericEntityUnescaper:<init>:([Lorg/apache/commons/lang3/text/translate/NumericEntityUnescaper$OPTION;)V:56,0.018518518518518517
org.apache.commons.lang3.text.translate.NumericEntityUnescaper:<init>:([Lorg/apache/commons/lang3/text/translate/NumericEntityUnescaper$OPTION;)V:57,0.018518518518518517
org.apache.commons.lang3.text.translate.NumericEntityUnescaper:<init>:([Lorg/apache/commons/lang3/text/translate/NumericEntityUnescaper$OPTION;)V:60,0.018518518518518517
org.apache.commons.lang3.text.translate.NumericEntityUnescaper:<init>:([Lorg/apache/commons/lang3/text/translate/NumericEntityUnescaper$OPTION;)V:62,0.018518518518518517
org.apache.commons.lang3.text.translate.UnicodeEscaper:<init>:(IIZ)V:51,0.018518518518518517
org.apache.commons.lang3.text.translate.UnicodeEscaper:<init>:(IIZ)V:52,0.018518518518518517
org.apache.commons.lang3.text.translate.UnicodeEscaper:<init>:(IIZ)V:53,0.018518518518518517
org.apache.commons.lang3.text.translate.UnicodeEscaper:<init>:(IIZ)V:54,0.018518518518518517
org.apache.commons.lang3.text.translate.UnicodeEscaper:<init>:(IIZ)V:55,0.018518518518518517
org.apache.commons.lang3.ArrayUtils:clone:([Ljava/lang/Object;)[Ljava/lang/Object;:323,0.017857142857142856
org.apache.commons.lang3.ArrayUtils:clone:([Ljava/lang/Object;)[Ljava/lang/Object;:320,0.017857142857142856
org.apache.commons.lang3.text.translate.CharSequenceTranslator:translate:(Ljava/lang/CharSequence;Ljava/io/Writer;)V:97,0.016666666666666666
org.apache.commons.lang3.text.translate.CharSequenceTranslator:translate:(Ljava/lang/CharSequence;Ljava/io/Writer;)V:95,0.016666666666666666
org.apache.commons.lang3.text.translate.CharSequenceTranslator:translate:(Ljava/lang/CharSequence;Ljava/io/Writer;)V:94,0.016666666666666666
org.apache.commons.lang3.text.translate.CodePointTranslator:<init>:()V:29,0.016129032258064516
org.apache.commons.lang3.text.translate.CharSequenceTranslator:translate:(Ljava/lang/CharSequence;)Ljava/lang/String;:60,0.014705882352941176
org.apache.commons.lang3.text.translate.CharSequenceTranslator:translate:(Ljava/lang/CharSequence;)Ljava/lang/String;:58,0.014285714285714285
org.apache.commons.lang3.text.translate.CharSequenceTranslator:translate:(Ljava/lang/CharSequence;)Ljava/lang/String;:59,0.014285714285714285
org.apache.commons.lang3.text.translate.CharSequenceTranslator:translate:(Ljava/lang/CharSequence;)Ljava/lang/String;:54,0.014285714285714285
org.apache.commons.lang3.text.translate.CharSequenceTranslator:translate:(Ljava/lang/CharSequence;Ljava/io/Writer;)V:98,0.013888888888888888
org.apache.commons.lang3.text.translate.CharSequenceTranslator:translate:(Ljava/lang/CharSequence;Ljava/io/Writer;)V:76,0.013513513513513514
org.apache.commons.lang3.text.translate.CharSequenceTranslator:translate:(Ljava/lang/CharSequence;Ljava/io/Writer;)V:79,0.013513513513513514
org.apache.commons.lang3.text.translate.CharSequenceTranslator:translate:(Ljava/lang/CharSequence;Ljava/io/Writer;)V:82,0.013513513513513514
org.apache.commons.lang3.text.translate.CharSequenceTranslator:translate:(Ljava/lang/CharSequence;Ljava/io/Writer;)V:83,0.013513513513513514
org.apache.commons.lang3.text.translate.CharSequenceTranslator:translate:(Ljava/lang/CharSequence;Ljava/io/Writer;)V:84,0.013513513513513514
org.apache.commons.lang3.text.translate.CharSequenceTranslator:translate:(Ljava/lang/CharSequence;Ljava/io/Writer;)V:85,0.013513513513513514
org.apache.commons.lang3.text.translate.CharSequenceTranslator:translate:(Ljava/lang/CharSequence;Ljava/io/Writer;)V:86,0.013513513513513514
org.apache.commons.lang3.text.translate.CharSequenceTranslator:<init>:()V:32,0.01282051282051282
org.apache.commons.lang3.ClassUtils:<clinit>:()V:70,0.01
org.apache.commons.lang3.ClassUtils:<clinit>:()V:63,0.01
org.apache.commons.lang3.ClassUtils:<clinit>:()V:68,0.01
org.apache.commons.lang3.ClassUtils:<clinit>:()V:73,0.01
org.apache.commons.lang3.ClassUtils:<clinit>:()V:53,0.01
org.apache.commons.lang3.ClassUtils:<clinit>:()V:72,0.01
org.apache.commons.lang3.ClassUtils:<clinit>:()V:71,0.01
org.apache.commons.lang3.ClassUtils:<clinit>:()V:76,0.01
org.apache.commons.lang3.ClassUtils:<clinit>:()V:120,0.01
org.apache.commons.lang3.ClassUtils:<clinit>:()V:119,0.01
org.apache.commons.lang3.ClassUtils:addAbbreviation:(Ljava/lang/String;Ljava/lang/String;)V:112,0.01
org.apache.commons.lang3.ClassUtils:addAbbreviation:(Ljava/lang/String;Ljava/lang/String;)V:111,0.01
org.apache.commons.lang3.ClassUtils:<clinit>:()V:127,0.01
org.apache.commons.lang3.ClassUtils:<clinit>:()V:126,0.01
org.apache.commons.lang3.ClassUtils:<clinit>:()V:125,0.01
org.apache.commons.lang3.ClassUtils:<clinit>:()V:124,0.01
org.apache.commons.lang3.ClassUtils:<clinit>:()V:123,0.01
org.apache.commons.lang3.ClassUtils:<clinit>:()V:122,0.01
org.apache.commons.lang3.ClassUtils:<clinit>:()V:121,0.01
org.apache.commons.lang3.ClassUtils:<clinit>:()V:74,0.01
org.apache.commons.lang3.ClassUtils:<clinit>:()V:102,0.01
org.apache.commons.lang3.ClassUtils:<clinit>:()V:97,0.01
org.apache.commons.lang3.ClassUtils:<clinit>:()V:91,0.01
org.apache.commons.lang3.ClassUtils:<clinit>:()V:89,0.01
org.apache.commons.lang3.ClassUtils:<clinit>:()V:88,0.01
org.apache.commons.lang3.ClassUtils:<clinit>:()V:87,0.01
org.apache.commons.lang3.ClassUtils:<clinit>:()V:86,0.01
org.apache.commons.lang3.ClassUtils:<clinit>:()V:84,0.01
org.apache.commons.lang3.ClassUtils:<clinit>:()V:78,0.01
org.apache.commons.lang3.ClassUtils:<clinit>:()V:77,0.01
org.apache.commons.lang3.ClassUtils:<clinit>:()V:75,0.01
org.apache.commons.lang3.ClassUtils:addAbbreviation:(Ljava/lang/String;Ljava/lang/String;)V:113,0.01
org.apache.commons.lang3.SystemUtils:<clinit>:()V:204,0.003968253968253968
org.apache.commons.lang3.SystemUtils:<clinit>:()V:186,0.003968253968253968
org.apache.commons.lang3.SystemUtils:<clinit>:()V:240,0.003968253968253968
org.apache.commons.lang3.SystemUtils:<clinit>:()V:222,0.003968253968253968
org.apache.commons.lang3.SystemUtils:<clinit>:()V:147,0.003968253968253968
org.apache.commons.lang3.SystemUtils:<clinit>:()V:165,0.003968253968253968
org.apache.commons.lang3.SystemUtils:<clinit>:()V:753,0.003968253968253968
org.apache.commons.lang3.SystemUtils:<clinit>:()V:129,0.003968253968253968
org.apache.commons.lang3.SystemUtils:<clinit>:()V:111,0.003968253968253968
org.apache.commons.lang3.SystemUtils:<clinit>:()V:89,0.003968253968253968
org.apache.commons.lang3.SystemUtils:<clinit>:()V:772,0.003968253968253968
org.apache.commons.lang3.SystemUtils:<clinit>:()V:277,0.003968253968253968
org.apache.commons.lang3.SystemUtils:<clinit>:()V:259,0.003968253968253968
org.apache.commons.lang3.SystemUtils:<clinit>:()V:331,0.003968253968253968
org.apache.commons.lang3.SystemUtils:<clinit>:()V:295,0.003968253968253968
org.apache.commons.lang3.SystemUtils:<clinit>:()V:589,0.003968253968253968
org.apache.commons.lang3.SystemUtils:<clinit>:()V:697,0.003968253968253968
org.apache.commons.lang3.SystemUtils:<clinit>:()V:679,0.003968253968253968
org.apache.commons.lang3.SystemUtils:<clinit>:()V:661,0.003968253968253968
org.apache.commons.lang3.SystemUtils:<clinit>:()V:643,0.003968253968253968
org.apache.commons.lang3.SystemUtils:<clinit>:()V:625,0.003968253968253968
org.apache.commons.lang3.SystemUtils:<clinit>:()V:607,0.003968253968253968
org.apache.commons.lang3.SystemUtils:<clinit>:()V:571,0.003968253968253968
org.apache.commons.lang3.SystemUtils:isOSNameMatch:(Ljava/lang/String;Ljava/lang/String;)Z:1426,0.003968253968253968
org.apache.commons.lang3.SystemUtils:<clinit>:()V:553,0.003968253968253968
org.apache.commons.lang3.SystemUtils:<clinit>:()V:535,0.003968253968253968
org.apache.commons.lang3.SystemUtils:<clinit>:()V:1135,0.003968253968253968
org.apache.commons.lang3.SystemUtils:<clinit>:()V:1123,0.003968253968253968
org.apache.commons.lang3.SystemUtils:<clinit>:()V:1111,0.003968253968253968
org.apache.commons.lang3.SystemUtils:<clinit>:()V:1099,0.003968253968253968
org.apache.commons.lang3.SystemUtils:<clinit>:()V:715,0.003968253968253968
org.apache.commons.lang3.SystemUtils:<clinit>:()V:1147,0.003968253968253968
org.apache.commons.lang3.SystemUtils:getJavaVersionMatches:(Ljava/lang/String;)Z:1265,0.003968253968253968
org.apache.commons.lang3.SystemUtils:<clinit>:()V:1199,0.003968253968253968
org.apache.commons.lang3.SystemUtils:getOSMatchesName:(Ljava/lang/String;)Z:1286,0.003968253968253968
org.apache.commons.lang3.SystemUtils:getSystemProperty:(Ljava/lang/String;)Ljava/lang/String;:1304,0.003968253968253968
org.apache.commons.lang3.SystemUtils:<clinit>:()V:733,0.003968253968253968
org.apache.commons.lang3.SystemUtils:isJavaVersionMatch:(Ljava/lang/String;Ljava/lang/String;)Z:1387,0.003968253968253968
org.apache.commons.lang3.SystemUtils:<clinit>:()V:1224,0.003968253968253968
org.apache.commons.lang3.SystemUtils:<clinit>:()V:1212,0.003968253968253968
org.apache.commons.lang3.SystemUtils:<clinit>:()V:1186,0.003968253968253968
org.apache.commons.lang3.SystemUtils:<clinit>:()V:1160,0.003968253968253968
org.apache.commons.lang3.SystemUtils:isJavaVersionMatch:(Ljava/lang/String;Ljava/lang/String;)Z:1390,0.003968253968253968
org.apache.commons.lang3.SystemUtils:isOSMatch:(Ljava/lang/String;Ljava/lang/String;Ljava/lang/String;Ljava/lang/String;)Z:1406,0.003968253968253968
org.apache.commons.lang3.SystemUtils:isOSMatch:(Ljava/lang/String;Ljava/lang/String;Ljava/lang/String;Ljava/lang/String;)Z:1409,0.003968253968253968
org.apache.commons.lang3.SystemUtils:isOSNameMatch:(Ljava/lang/String;Ljava/lang/String;)Z:1423,0.003968253968253968
org.apache.commons.lang3.SystemUtils:<clinit>:()V:313,0.003968253968253968
org.apache.commons.lang3.SystemUtils:<clinit>:()V:1173,0.003968253968253968
org.apache.commons.lang3.SystemUtils:<clinit>:()V:1086,0.003968253968253968
org.apache.commons.lang3.SystemUtils:<clinit>:()V:516,0.003968253968253968
org.apache.commons.lang3.SystemUtils:<clinit>:()V:498,0.003968253968253968
org.apache.commons.lang3.SystemUtils:<clinit>:()V:461,0.003968253968253968
org.apache.commons.lang3.SystemUtils:<clinit>:()V:870,0.003968253968253968
org.apache.commons.lang3.SystemUtils:<clinit>:()V:860,0.003968253968253968
org.apache.commons.lang3.SystemUtils:<clinit>:()V:845,0.003968253968253968
org.apache.commons.lang3.SystemUtils:<clinit>:()V:827,0.003968253968253968
org.apache.commons.lang3.SystemUtils:<clinit>:()V:809,0.003968253968253968
org.apache.commons.lang3.SystemUtils:<clinit>:()V:790,0.003968253968253968
org.apache.commons.lang3.SystemUtils:<clinit>:()V:442,0.003968253968253968
org.apache.commons.lang3.SystemUtils:<clinit>:()V:1074,0.003968253968253968
org.apache.commons.lang3.SystemUtils:<clinit>:()V:441,0.003968253968253968
org.apache.commons.lang3.SystemUtils:<clinit>:()V:423,0.003968253968253968
org.apache.commons.lang3.SystemUtils:<clinit>:()V:405,0.003968253968253968
org.apache.commons.lang3.SystemUtils:<clinit>:()V:387,0.003968253968253968
org.apache.commons.lang3.SystemUtils:<clinit>:()V:368,0.003968253968253968
org.apache.commons.lang3.SystemUtils:<clinit>:()V:349,0.003968253968253968
org.apache.commons.lang3.SystemUtils:<clinit>:()V:880,0.003968253968253968
org.apache.commons.lang3.SystemUtils:<clinit>:()V:890,0.003968253968253968
org.apache.commons.lang3.SystemUtils:<clinit>:()V:900,0.003968253968253968
org.apache.commons.lang3.SystemUtils:<clinit>:()V:480,0.003968253968253968
org.apache.commons.lang3.SystemUtils:<clinit>:()V:910,0.003968253968253968
org.apache.commons.lang3.SystemUtils:<clinit>:()V:922,0.003968253968253968
org.apache.commons.lang3.SystemUtils:<clinit>:()V:942,0.003968253968253968
org.apache.commons.lang3.SystemUtils:<clinit>:()V:954,0.003968253968253968
org.apache.commons.lang3.SystemUtils:<clinit>:()V:966,0.003968253968253968
org.apache.commons.lang3.SystemUtils:<clinit>:()V:978,0.003968253968253968
org.apache.commons.lang3.SystemUtils:<clinit>:()V:990,0.003968253968253968
org.apache.commons.lang3.SystemUtils:<clinit>:()V:1002,0.003968253968253968
org.apache.commons.lang3.SystemUtils:<clinit>:()V:1014,0.003968253968253968
org.apache.commons.lang3.SystemUtils:<clinit>:()V:1026,0.003968253968253968
org.apache.commons.lang3.SystemUtils:<clinit>:()V:1038,0.003968253968253968
org.apache.commons.lang3.SystemUtils:<clinit>:()V:1050,0.003968253968253968
org.apache.commons.lang3.SystemUtils:<clinit>:()V:1062,0.003968253968253968
org.apache.commons.lang3.SystemUtils:getOSMatches:(Ljava/lang/String;Ljava/lang/String;)Z:1276,0.003968253968253968
org.apache.commons.lang3.JavaVersion:get:(Ljava/lang/String;)Lorg/apache/commons/lang3/JavaVersion;:132,0.003952569169960474
org.apache.commons.lang3.JavaVersion:get:(Ljava/lang/String;)Lorg/apache/commons/lang3/JavaVersion;:138,0.003952569169960474
org.apache.commons.lang3.JavaVersion:get:(Ljava/lang/String;)Lorg/apache/commons/lang3/JavaVersion;:149,0.003952569169960474
org.apache.commons.lang3.JavaVersion:get:(Ljava/lang/String;)Lorg/apache/commons/lang3/JavaVersion;:148,0.003952569169960474
org.apache.commons.lang3.JavaVersion:get:(Ljava/lang/String;)Lorg/apache/commons/lang3/JavaVersion;:146,0.003952569169960474
org.apache.commons.lang3.JavaVersion:get:(Ljava/lang/String;)Lorg/apache/commons/lang3/JavaVersion;:144,0.003952569169960474
org.apache.commons.lang3.JavaVersion:get:(Ljava/lang/String;)Lorg/apache/commons/lang3/JavaVersion;:142,0.003952569169960474
org.apache.commons.lang3.JavaVersion:get:(Ljava/lang/String;)Lorg/apache/commons/lang3/JavaVersion;:140,0.003952569169960474
org.apache.commons.lang3.JavaVersion:get:(Ljava/lang/String;)Lorg/apache/commons/lang3/JavaVersion;:136,0.003952569169960474
org.apache.commons.lang3.JavaVersion:get:(Ljava/lang/String;)Lorg/apache/commons/lang3/JavaVersion;:134,0.003952569169960474
org.apache.commons.lang3.JavaVersion:<init>:(Ljava/lang/String;IFLjava/lang/String;)V:90,0.00392156862745098
org.apache.commons.lang3.JavaVersion:<clinit>:()V:67,0.00392156862745098
org.apache.commons.lang3.JavaVersion:<init>:(Ljava/lang/String;IFLjava/lang/String;)V:89,0.00392156862745098
org.apache.commons.lang3.JavaVersion:<clinit>:()V:72,0.00392156862745098
org.apache.commons.lang3.JavaVersion:<init>:(Ljava/lang/String;IFLjava/lang/String;)V:91,0.00392156862745098
org.apache.commons.lang3.JavaVersion:<init>:(Ljava/lang/String;IFLjava/lang/String;)V:92,0.00392156862745098
org.apache.commons.lang3.JavaVersion:<clinit>:()V:57,0.00392156862745098
org.apache.commons.lang3.JavaVersion:<clinit>:()V:62,0.00392156862745098
org.apache.commons.lang3.JavaVersion:<clinit>:()V:32,0.00392156862745098
org.apache.commons.lang3.JavaVersion:<clinit>:()V:52,0.00392156862745098
org.apache.commons.lang3.JavaVersion:<clinit>:()V:47,0.00392156862745098
org.apache.commons.lang3.JavaVersion:<clinit>:()V:42,0.00392156862745098
org.apache.commons.lang3.JavaVersion:<clinit>:()V:37,0.00392156862745098
org.apache.commons.lang3.JavaVersion:<clinit>:()V:27,0.00392156862745098
org.apache.commons.lang3.ArrayUtils:<clinit>:()V:53,0.0013089005235602095
org.apache.commons.lang3.ArrayUtils:<clinit>:()V:61,0.0013089005235602095
org.apache.commons.lang3.ArrayUtils:<clinit>:()V:49,0.0013089005235602095
org.apache.commons.lang3.ArrayUtils:<clinit>:()V:57,0.0013089005235602095
org.apache.commons.lang3.ArrayUtils:<clinit>:()V:73,0.0013089005235602095
org.apache.commons.lang3.ArrayUtils:<clinit>:()V:65,0.0013089005235602095
org.apache.commons.lang3.ArrayUtils:<clinit>:()V:69,0.0013089005235602095
org.apache.commons.lang3.ArrayUtils:<clinit>:()V:77,0.0013089005235602095
org.apache.commons.lang3.ArrayUtils:<clinit>:()V:121,0.0013089005235602095
org.apache.commons.lang3.ArrayUtils:<clinit>:()V:117,0.0013089005235602095
org.apache.commons.lang3.ArrayUtils:<clinit>:()V:113,0.0013089005235602095
org.apache.commons.lang3.ArrayUtils:<clinit>:()V:109,0.0013089005235602095
org.apache.commons.lang3.ArrayUtils:<clinit>:()V:105,0.0013089005235602095
org.apache.commons.lang3.ArrayUtils:<clinit>:()V:101,0.0013089005235602095
org.apache.commons.lang3.ArrayUtils:<clinit>:()V:97,0.0013089005235602095
org.apache.commons.lang3.ArrayUtils:<clinit>:()V:93,0.0013089005235602095
org.apache.commons.lang3.ArrayUtils:<clinit>:()V:85,0.0013089005235602095
org.apache.commons.lang3.ArrayUtils:<clinit>:()V:81,0.0013089005235602095
org.apache.commons.lang3.ArrayUtils:<clinit>:()V:89,0.0013089005235602095
